var_id	info.Allele	info.Consequence	info.IMPACT	info.SYMBOL	info.Gene	info.Feature_type	info.Feature	info.BIOTYPE	info.EXON	info.INTRON	info.HGVSc	info.HGVSp	info.cDNA_position	info.CDS_position	info.Protein_position	info.Amino_acids	info.Codons	info.Existing_variation	info.DISTANCE	info.STRAND	info.FLAGS	info.SYMBOL_SOURCE	info.HGNC_ID	info.SOURCE	info.SIFT	info.PolyPhen	info.gnomAD_AF	info.gnomAD_AFR_AF	info.gnomAD_AMR_AF	info.gnomAD_ASJ_AF	info.gnomAD_EAS_AF	info.gnomAD_FIN_AF	info.gnomAD_NFE_AF	info.gnomAD_OTH_AF	info.gnomAD_SAS_AF	info.CLIN_SIG	info.SOMATIC	info.PHENO	info.CADD_PHRED	info.CADD_RAW	info.gnomADg	info.gnomADg_AF_AFR	info.gnomADg_AF_AMR	info.gnomADg_AF_ASJ	info.gnomADg_AF_EAS	info.gnomADg_AF_FIN	info.gnomADg_AF_NFE	info.gnomADg_AF_OTH	id	chrom	format	qual	pos	alts	ref	filter	sample_id	sample.AD	sample.AF	sample.DP	sample.F1R2	sample.F2R1	sample.FT	sample.GP	sample.GQ	sample.GT	sample.PL
3_121351314_G_GGGCTCAGGCTCA	GGCTCAGGCTCA	inframe_insertion	MODERATE	HCLS1	ENSG00000180353	Transcript	ENST00000314583	protein_coding	12/14				1195-1196	1103-1104	368	P/PEPEP	ccc/ccTGAGCCTGAGCCc	rs150627065		-1		HGNC	4844.0																11.82	0.78288	rs80289672									3	GT,AD,AF,DP,GQ,FT,F1R2,F2R1,PL,GP	45.22999954223633	121351315	GGGCTCAGGCTCA	G	PASS	LP6008035-DNA_D04	(30, 1)	(0.03200000151991844,)	31	(None,)	(None,)	PASS	(None,)	74	(0, 0)	(0, 74, 1112)
3_121351314_G_GGGCTCAGGCTCA	GGCTCAGGCTCA	inframe_insertion	MODERATE	HCLS1	ENSG00000180353	Transcript	ENST00000428394	protein_coding	11/13				1071-1072	992-993	331	P/PEPEP	ccc/ccTGAGCCTGAGCCc	rs150627065		-1		HGNC	4844.0																11.82	0.78288	rs80289672									3	GT,AD,AF,DP,GQ,FT,F1R2,F2R1,PL,GP	45.22999954223633	121351315	GGGCTCAGGCTCA	G	PASS	LP6008035-DNA_D04	(30, 1)	(0.03200000151991844,)	31	(None,)	(None,)	PASS	(None,)	74	(0, 0)	(0, 74, 1112)
3_121351314_G_GGGCTCAGGCTCA	GGCTCAGGCTCA	inframe_insertion	MODERATE	HCLS1	ENSG00000180353	Transcript	ENST00000314583	protein_coding	12/14				1195-1196	1103-1104	368	P/PEPEP	ccc/ccTGAGCCTGAGCCc	rs150627065		-1		HGNC	4844.0																11.82	0.78288	rs80289672									3	GT,AD,AF,DP,GQ,FT,F1R2,F2R1,PL,GP	45.22999954223633	121351315	GGGCTCAGGCTCA	G	PASS	LP6008035-DNA_E04	(12, 10)	(0.45500001311302185,)	22	(6, 6)	(6, 4)	PASS	(49.61800003051758, 6.911600212333724e-05, 53.0)	48	(0, 1)	(79, 0, 50)
3_121351314_G_GGGCTCAGGCTCA	GGCTCAGGCTCA	inframe_insertion	MODERATE	HCLS1	ENSG00000180353	Transcript	ENST00000428394	protein_coding	11/13				1071-1072	992-993	331	P/PEPEP	ccc/ccTGAGCCTGAGCCc	rs150627065		-1		HGNC	4844.0																11.82	0.78288	rs80289672									3	GT,AD,AF,DP,GQ,FT,F1R2,F2R1,PL,GP	45.22999954223633	121351315	GGGCTCAGGCTCA	G	PASS	LP6008035-DNA_E04	(12, 10)	(0.45500001311302185,)	22	(6, 6)	(6, 4)	PASS	(49.61800003051758, 6.911600212333724e-05, 53.0)	48	(0, 1)	(79, 0, 50)
3_121351314_G_GGGCTCAGGCTCA	GGCTCAGGCTCA	inframe_insertion	MODERATE	HCLS1	ENSG00000180353	Transcript	ENST00000314583	protein_coding	12/14				1195-1196	1103-1104	368	P/PEPEP	ccc/ccTGAGCCTGAGCCc	rs150627065		-1		HGNC	4844.0																11.82	0.78288	rs80289672									3	GT,AD,AF,DP,GQ,FT,F1R2,F2R1,PL,GP	45.22999954223633	121351315	GGGCTCAGGCTCA	G	PASS	LP6008035-DNA_F04	(29, 0)	(0.0,)	26	(None,)	(None,)	PASS	(None,)	60	(0, 0)	(0, 60, 900)
3_121351314_G_GGGCTCAGGCTCA	GGCTCAGGCTCA	inframe_insertion	MODERATE	HCLS1	ENSG00000180353	Transcript	ENST00000428394	protein_coding	11/13				1071-1072	992-993	331	P/PEPEP	ccc/ccTGAGCCTGAGCCc	rs150627065		-1		HGNC	4844.0																11.82	0.78288	rs80289672									3	GT,AD,AF,DP,GQ,FT,F1R2,F2R1,PL,GP	45.22999954223633	121351315	GGGCTCAGGCTCA	G	PASS	LP6008035-DNA_F04	(29, 0)	(0.0,)	26	(None,)	(None,)	PASS	(None,)	60	(0, 0)	(0, 60, 900)
3_133969486_G_GC	C	frameshift_variant	HIGH	RYK	ENSG00000163785	Transcript	ENST00000296084	protein_coding	1/16				7-8	7-8	3	A/GX	gcg/gGcg	rs587744425		-1		HGNC	10481.0													benign		1.0	21.8	2.252677	rs587744425									3	GT,AD,AF,DP,GQ,FT,F1R2,F2R1,PL,GP	403.0	133969487	GC	G	PASS	LP6008035-DNA_D04	(0, 23)	(1.0,)	23	(0, 14)	(0, 9)	PASS	(115.8499984741211, 65.84600067138672, 1.035400032378675e-06)	66	(1, 1)	(148, 69, 0)
3_133969486_G_GC	C	frameshift_variant	HIGH	RYK	ENSG00000163785	Transcript	ENST00000296084	protein_coding	1/16				7-8	7-8	3	A/GX	gcg/gGcg	rs587744425		-1		HGNC	10481.0													benign		1.0	21.8	2.252677	rs587744425									3	GT,AD,AF,DP,GQ,FT,F1R2,F2R1,PL,GP	403.0	133969487	GC	G	PASS	LP6008035-DNA_E04	(0, 23)	(1.0,)	23	(0, 11)	(0, 12)	PASS	(116.16999816894531, 66.1729965209961, 1.035400032378675e-06)	66	(1, 1)	(148, 69, 0)
3_133969486_G_GC	C	frameshift_variant	HIGH	RYK	ENSG00000163785	Transcript	ENST00000296084	protein_coding	1/16				7-8	7-8	3	A/GX	gcg/gGcg	rs587744425		-1		HGNC	10481.0													benign		1.0	21.8	2.252677	rs587744425									3	GT,AD,AF,DP,GQ,FT,F1R2,F2R1,PL,GP	403.0	133969487	GC	G	PASS	LP6008035-DNA_F04	(0, 20)	(1.0,)	20	(0, 10)	(0, 10)	PASS	(107.13999938964844, 57.14099884033203, 8.283500392280985e-06)	57	(1, 1)	(139, 60, 0)
5_60628573_CCGGCCGCAACCTCGG_C	-	inframe_deletion	MODERATE	ZSWIM6	ENSG00000130449	Transcript	ENST00000252744	protein_coding	1/14				476-490	476-490	159-164	PAATSA/P	cCGGCCGCAACCTCGGcg/ccg	rs541338051		1		HGNC	29316.0				0.0						0.0						12.31	0.845756	rs541338051									5	GT,AD,AF,DP,GQ,FT,F1R2,F2R1,PL,GP	175.2899932861328	60628574	C	CCGGCCGCAACCTCGG	PASS	LP6008035-DNA_D04	(0, 12)	(1.0,)	12	(0, 5)	(0, 7)	PASS	(83.75599670410156, 33.75600051879883, 0.0018296999623999)	34	(1, 1)	(116, 37, 0)
5_60628573_CCGGCCGCAACCTCGG_C	-	inframe_deletion	MODERATE	ZSWIM6	ENSG00000130449	Transcript	ENST00000252744	protein_coding	1/14				476-490	476-490	159-164	PAATSA/P	cCGGCCGCAACCTCGGcg/ccg	rs541338051		1		HGNC	29316.0				0.0						0.0						12.31	0.845756	rs541338051									5	GT,AD,AF,DP,GQ,FT,F1R2,F2R1,PL,GP	175.2899932861328	60628574	C	CCGGCCGCAACCTCGG	PASS	LP6008035-DNA_E04	(0, 8)	(1.0,)	8	(0, 4)	(0, 4)	PASS	(70.83499908447266, 20.834999084472656, 0.035996001213788986)	21	(1, 1)	(103, 24, 0)
5_60628573_CCGGCCGCAACCTCGG_C	-	inframe_deletion	MODERATE	ZSWIM6	ENSG00000130449	Transcript	ENST00000252744	protein_coding	1/14				476-490	476-490	159-164	PAATSA/P	cCGGCCGCAACCTCGGcg/ccg	rs541338051		1		HGNC	29316.0				0.0						0.0						12.31	0.845756	rs541338051									5	GT,AD,AF,DP,GQ,FT,F1R2,F2R1,PL,GP	175.2899932861328	60628574	C	CCGGCCGCAACCTCGG	PASS	LP6008035-DNA_F04	(13, 0)	(0.0,)	12	(None,)	(None,)	PASS	(None,)	30	(0, 0)	(0, 30, 450)
11_6630027_TC_T	-	frameshift_variant&NMD_transcript_variant	HIGH	ILK	ENSG00000166333	Transcript	ENST00000527327	nonsense_mediated_decay	5/12				582	457	153	P/X	Ccc/cc	COSV54990603		1		HGNC	6040.0														1.0	1.0	1.914	-0.052206	rs11314683									11	GT,AD,AF,DP,GQ,FT,F1R2,F2R1,PL,GP	523.0	6630028	T	TC	PASS	LP6008035-DNA_D04	(0, 29)	(1.0,)	29	(0, 15)	(0, 14)	PASS	(133.67999267578125, 83.6780014038086, 0.0)	84	(1, 1)	(166, 87, 0)
11_6630027_TC_T	-	frameshift_variant&NMD_transcript_variant	HIGH	ILK	ENSG00000166333	Transcript	ENST00000527394	nonsense_mediated_decay	5/11				598	457	153	P/X	Ccc/cc	COSV54990603		1		HGNC	6040.0														1.0	1.0	1.914	-0.052206	rs11314683									11	GT,AD,AF,DP,GQ,FT,F1R2,F2R1,PL,GP	523.0	6630028	T	TC	PASS	LP6008035-DNA_D04	(0, 29)	(1.0,)	29	(0, 15)	(0, 14)	PASS	(133.67999267578125, 83.6780014038086, 0.0)	84	(1, 1)	(166, 87, 0)
11_6630027_TC_T	-	frameshift_variant&NMD_transcript_variant	HIGH	ILK	ENSG00000166333	Transcript	ENST00000527327	nonsense_mediated_decay	5/12				582	457	153	P/X	Ccc/cc	COSV54990603		1		HGNC	6040.0														1.0	1.0	1.914	-0.052206	rs11314683									11	GT,AD,AF,DP,GQ,FT,F1R2,F2R1,PL,GP	523.0	6630028	T	TC	PASS	LP6008035-DNA_E04	(0, 29)	(1.0,)	29	(0, 11)	(0, 18)	PASS	(134.25999450683594, 84.25499725341797, 0.0)	84	(1, 1)	(166, 87, 0)
11_6630027_TC_T	-	frameshift_variant&NMD_transcript_variant	HIGH	ILK	ENSG00000166333	Transcript	ENST00000527394	nonsense_mediated_decay	5/11				598	457	153	P/X	Ccc/cc	COSV54990603		1		HGNC	6040.0														1.0	1.0	1.914	-0.052206	rs11314683									11	GT,AD,AF,DP,GQ,FT,F1R2,F2R1,PL,GP	523.0	6630028	T	TC	PASS	LP6008035-DNA_E04	(0, 29)	(1.0,)	29	(0, 11)	(0, 18)	PASS	(134.25999450683594, 84.25499725341797, 0.0)	84	(1, 1)	(166, 87, 0)
11_6630027_TC_T	-	frameshift_variant&NMD_transcript_variant	HIGH	ILK	ENSG00000166333	Transcript	ENST00000527327	nonsense_mediated_decay	5/12				582	457	153	P/X	Ccc/cc	COSV54990603		1		HGNC	6040.0														1.0	1.0	1.914	-0.052206	rs11314683									11	GT,AD,AF,DP,GQ,FT,F1R2,F2R1,PL,GP	523.0	6630028	T	TC	PASS	LP6008035-DNA_F04	(0, 48)	(1.0,)	48	(0, 26)	(0, 22)	PASS	(191.41000366210938, 141.41000366210938, 0.0)	99	(1, 1)	(223, 144, 0)
11_6630027_TC_T	-	frameshift_variant&NMD_transcript_variant	HIGH	ILK	ENSG00000166333	Transcript	ENST00000527394	nonsense_mediated_decay	5/11				598	457	153	P/X	Ccc/cc	COSV54990603		1		HGNC	6040.0														1.0	1.0	1.914	-0.052206	rs11314683									11	GT,AD,AF,DP,GQ,FT,F1R2,F2R1,PL,GP	523.0	6630028	T	TC	PASS	LP6008035-DNA_F04	(0, 48)	(1.0,)	48	(0, 26)	(0, 22)	PASS	(191.41000366210938, 141.41000366210938, 0.0)	99	(1, 1)	(223, 144, 0)
